<?xml version="1.0"?>
<PermissionSummary xmlns:xsd="http://www.w3.org/2001/XMLSchema" xmlns:xsi="http://www.w3.org/2001/XMLSchema-instance">
  <Agent ID="123105028" IDType="IRD">
    <LogonSummary>
      <MyIRLogon ID="number2" AccessRole="VIEW" />
    </LogonSummary>
    <ClientList ID="123105028" IDType="IRD" AccountType="AIL">
      <LogonAccess myIRLogon="ClientList1" AccountPermission="NONE" />
    </ClientList>
    <ClientList ID="123105028" IDType="IRD" AccountType="DWT">
      <LogonAccess myIRLogon="ClientList1" AccountPermission="NONE" />
    </ClientList>
    <ClientList ID="123105028" IDType="IRD" AccountType="GST">
      <LogonAccess myIRLogon="ClientList1" AccountPermission="NONE" />
    </ClientList>
    <ClientList ID="123105028" IDType="IRD" AccountType="GST">
      <LogonAccess myIRLogon="ClientList1" AccountPermission="NONE" />
    </ClientList>
    <ClientList ID="123105028" IDType="IRD" AccountType="IPS">
      <LogonAccess myIRLogon="ClientList1" AccountPermission="NONE" />
    </ClientList>
    <ClientList ID="123105028" IDType="IRD" AccountType="GMD">
      <LogonAccess myIRLogon="ClientList1" AccountPermission="NONE" />
    </ClientList>
    <ClientList ID="123105028" IDType="IRD" AccountType="DWT">
      <LogonAccess myIRLogon="ClientList1" AccountPermission="NONE" />
    </ClientList>
    <ClientList ID="123105028" IDType="IRD" AccountType="FBT">
      <LogonAccess myIRLogon="ClientList1" AccountPermission="NONE" />
    </ClientList>
  </Agent>
  <Customer ID="123041507" IDType="IRD">
    <Account ID="123041507" IDType="IRD" AccountType="GST">
      <LogonAccess myIRLogon="BTOD_ADMIN" AccountPermission="FILPAY" />
    </Account>
  </Customer>
  <Customer ID="123068629" IDType="IRD">
    <Account ID="123068629" IDType="IRD" AccountType="AIL">
      <LogonAccess myIRLogon="number2" AccountPermission="FILPAY" />
    </Account>
  </Customer>
</PermissionSummary>