<?xml version="1.0"?>
<PermissionSummary xmlns:xsd="http://www.w3.org/2001/XMLSchema" xmlns:xsi="http://www.w3.org/2001/XMLSchema-instance">
  <Agent ID="123105028" IDType="IRD">
    <LogonSummary>
      <MyIRLogon ID="ClientList1" AccessRole="OWNBUS" />
    </LogonSummary>
    <ClientList ID="123105028" IDType="IRD" AccountType="AIL">
      <LogonAccess myIRLogon="ClientList1" AccountPermission="NONE" />
    </ClientList>
    <ClientList ID="123105028" IDType="IRD" AccountType="DWT">
      <LogonAccess myIRLogon="ClientList1" AccountPermission="NONE" />
    </ClientList>
    <ClientList ID="123105028" IDType="IRD" AccountType="GST">
      <LogonAccess myIRLogon="ClientList1" AccountPermission="NONE" />
    </ClientList>
    <ClientList ID="123105028" IDType="IRD" AccountType="GST">
      <LogonAccess myIRLogon="ClientList1" AccountPermission="NONE" />
    </ClientList>
    <ClientList ID="123105028" IDType="IRD" AccountType="IPS">
      <LogonAccess myIRLogon="ClientList1" AccountPermission="NONE" />
    </ClientList>
    <ClientList ID="123105028" IDType="IRD" AccountType="GMD">
      <LogonAccess myIRLogon="ClientList1" AccountPermission="NONE" />
    </ClientList>
    <ClientList ID="123105028" IDType="IRD" AccountType="DWT">
      <LogonAccess myIRLogon="ClientList1" AccountPermission="NONE" />
    </ClientList>
    <ClientList ID="123105028" IDType="IRD" AccountType="FBT">
      <LogonAccess myIRLogon="ClientList1" AccountPermission="NONE" />
    </ClientList>
  </Agent>
  <Agent ID="123085299" IDType="IRD">
    <LogonSummary>
      <MyIRLogon ID="BTOD_ADMIN" AccessRole="OWNBUS" />
      <MyIRLogon ID="madmasd1324353" AccessRole="OWNBUS" />
    </LogonSummary>
    <ClientList ID="123085302" IDType="IRD" AccountType="RLT">
      <LogonAccess myIRLogon="BTOD_ADMIN" AccountPermission="NONE" />
      <LogonAccess myIRLogon="madmasd1324353" AccountPermission="NONE" />
    </ClientList>
    <ClientList ID="123085299" IDType="IRD" AccountType="RLT">
      <LogonAccess myIRLogon="BTOD_ADMIN" AccountPermission="NONE" />
      <LogonAccess myIRLogon="madmasd1324353" AccountPermission="NONE" />
    </ClientList>
    <ClientList ID="123085299" IDType="IRD" AccountType="FBT">
      <LogonAccess myIRLogon="BTOD_ADMIN" AccountPermission="NONE" />
      <LogonAccess myIRLogon="madmasd1324353" AccountPermission="NONE" />
    </ClientList>
    <ClientList ID="123085299" IDType="IRD" AccountType="GST">
      <LogonAccess myIRLogon="BTOD_ADMIN" AccountPermission="NONE" />
      <LogonAccess myIRLogon="madmasd1324353" AccountPermission="NONE" />
    </ClientList>
    <ClientList ID="123085299" IDType="IRD" AccountType="NRT">
      <LogonAccess myIRLogon="BTOD_ADMIN" AccountPermission="NONE" />
      <LogonAccess myIRLogon="madmasd1324353" AccountPermission="NONE" />
    </ClientList>
  </Agent>
</PermissionSummary>