<?xml version="1.0"?>
<FileTransfers xmlns:xsd="http://www.w3.org/2001/XMLSchema" xmlns:xsi="http://www.w3.org/2001/XMLSchema-instance" TotalTransactionCount="2535" TotalPeriodCount="79">
  <FileTransfer FileName="DAILY_PROVIDER_1500011035_0_201711021026392044_NZD.zip" TransactionCount="12" PeriodCount="30">
    <ChildFile FileName="DAILY_CUSTOMER_0_201711021026393834_NZD.xml" TransactionCount="2" PeriodCount="6" />
    <ChildFile FileName="DAILY_AGENT_IRD_123105028_0_201711021026394074_NZD.xml" TransactionCount="7" PeriodCount="11" />
    <ChildFile FileName="DAILY_AGENT_IRD_123105028_1_201711021026394134_NZD.xml" TransactionCount="3" PeriodCount="13" />
  </FileTransfer>
  <FileTransfer FileName="DAILY_PROVIDER_1500011035_1_201711021026394614_NZD.zip" TransactionCount="24" PeriodCount="9">
    <ChildFile FileName="DAILY_AGENT_IRD_123105028_1_201711021026395064_NZD.xml" TransactionCount="24" PeriodCount="9" />
  </FileTransfer>
  <FileTransfer FileName="DAILY_PROVIDER_1500011035_2_201711021026395184_NZD.zip" TransactionCount="2496" PeriodCount="29">
    <ChildFile FileName="DAILY_AGENT_IRD_123105028_2_201711021026399774_NZD.xml" TransactionCount="2496" PeriodCount="29" />
  </FileTransfer>
  <FileTransfer FileName="DAILY_PROVIDER_1500011035_3_201711021026399974_NZD.zip" TransactionCount="3" PeriodCount="11">
    <ChildFile FileName="DAILY_AGENT_IRD_123105028_3_201711021026400114_NZD.xml" TransactionCount="3" PeriodCount="11" />
    <ChildFile FileName="DAILY_PROVIDER_1500011035_3_201711021026399974_NZD_INTERMEDIATION.xml" TransactionCount="0" PeriodCount="0" />
  </FileTransfer>
</FileTransfers>