<?xml version="1.0"?>
<FileTransfers xmlns:xsd="http://www.w3.org/2001/XMLSchema" xmlns:xsi="http://www.w3.org/2001/XMLSchema-instance" TotalTransactionCount="2630" TotalPeriodCount="276">
  <FileTransfer FileName="DAILY_PROVIDER_1500011034_0_201711021026418234_NZD.zip" TransactionCount="10" PeriodCount="24">
    <ChildFile FileName="DAILY_AGENT_IRD_123105028_0_201711021026418664_NZD.xml" TransactionCount="7" PeriodCount="11" />
    <ChildFile FileName="DAILY_AGENT_IRD_123105028_1_201711021026418774_NZD.xml" TransactionCount="3" PeriodCount="13" />
  </FileTransfer>
  <FileTransfer FileName="DAILY_PROVIDER_1500011034_1_201711021026418794_NZD.zip" TransactionCount="24" PeriodCount="9">
    <ChildFile FileName="DAILY_AGENT_IRD_123105028_1_201711021026419334_NZD.xml" TransactionCount="24" PeriodCount="9" />
  </FileTransfer>
  <FileTransfer FileName="DAILY_PROVIDER_1500011034_2_201711021026419404_NZD.zip" TransactionCount="2496" PeriodCount="29">
    <ChildFile FileName="DAILY_AGENT_IRD_123105028_2_201711021026423774_NZD.xml" TransactionCount="2496" PeriodCount="29" />
  </FileTransfer>
  <FileTransfer FileName="DAILY_PROVIDER_1500011034_3_201711021026423924_NZD.zip" TransactionCount="100" PeriodCount="205">
    <ChildFile FileName="DAILY_AGENT_IRD_123105028_3_201711021026424044_NZD.xml" TransactionCount="3" PeriodCount="11" />
    <ChildFile FileName="DAILY_AGENT_IRD_123068610_0_201711021026426914_NZD.xml" TransactionCount="97" PeriodCount="194" />
  </FileTransfer>
  <FileTransfer FileName="DAILY_PROVIDER_1500011034_4_201711021026426954_NZD.zip" TransactionCount="0" PeriodCount="9">
    <ChildFile FileName="DAILY_AGENT_IRD_123068610_1_201711021026427094_NZD.xml" TransactionCount="0" PeriodCount="9" />
    <ChildFile FileName="DAILY_PROVIDER_1500011034_4_201711021026426954_NZD_INTERMEDIATION.xml" TransactionCount="0" PeriodCount="0" />
  </FileTransfer>
</FileTransfers>