<!--RESPONSE-->

<s:Envelope xmlns:s="http://www.w3.org/2003/05/soap-envelope" xmlns:a="http://www.w3.org/2005/08/addressing">
   <s:Header>
      <a:Action s:mustUnderstand="1">https://services.ird.govt.nz/GWS/Account/Account/RetrievePeriodSummariesResponse</a:Action>
   </s:Header>
   <s:Body>
      <RetrievePeriodSummariesResponse xmlns="https://services.ird.govt.nz/GWS/Account/">
         <RetrievePeriodSummariesResult xmlns:b="https://services.ird.govt.nz/GWS/Account/:types/RetrievePeriodSummariesResponse" xmlns:i="http://www.w3.org/2001/XMLSchema-instance">
            <b:RetrievePeriodSummariesResponseWrapper>
               <retrievePeriodSummariesResponse xmlns="urn:www.ird.govt.nz/GWS:types/Account">
                  <statusMessage xmlns="urn:www.ird.govt.nz/GWS:types/Common.v1">
                     <statusCode>0</statusCode>
                     <errorMessage/>
                  </statusMessage>
                  <responseBody>
                     <period>
                        <beginDate>2014-04-01</beginDate>
                        <endDate>2014-04-30</endDate>
                        <filingFrequency>GSTMO</filingFrequency>
                        <tax>284980.53</tax>
                        <penalty>50.00</penalty>
                        <interest>0.00</interest>
                        <other>19074.62</other>
                        <credit>-304105.15</credit>
                        <balance>0.00</balance>
                        <activity>2017/2/04T01:07:01</activity>
                     </period>
                     <period>
                        <beginDate>2014-05-01</beginDate>
                        <endDate>2014-05-31</endDate>
                        <filingFrequency>GSTMO</filingFrequency>
                        <tax>668992.36</tax>
                        <penalty>50.00</penalty>
                        <interest>0.00</interest>
                        <other>15062.79</other>
                        <credit>-684105.15</credit>
                        <balance>0.00</balance>
                        <activity>2017/2/04T01:07:03</activity>
                     </period>
                     <period>
                        <beginDate>2014-06-01</beginDate>
                        <endDate>2014-06-30</endDate>
                        <filingFrequency>GSTMO</filingFrequency>
                        <tax>224215.40</tax>
                        <penalty>0.00</penalty>
                        <interest>0.00</interest>
                        <other>79831.92</other>
                        <credit>-304047.32</credit>
                        <balance>0.00</balance>
                        <activity>2017/2/04T01:07:06</activity>
                     </period>
                     <period>
                        <beginDate>2014-07-01</beginDate>
                        <endDate>2014-07-31</endDate>
                        <filingFrequency>GSTMO</filingFrequency>
                        <tax>308722.22</tax>
                        <penalty>50.00</penalty>
                        <interest>0.00</interest>
                        <other>39601.05</other>
                        <credit>-348373.27</credit>
                        <balance>0.00</balance>
                        <activity>2017/2/04T01:07:04</activity>
                     </period>
                     <period>
                        <beginDate>2014-08-01</beginDate>
                        <endDate>2014-08-31</endDate>
                        <filingFrequency>GSTMO</filingFrequency>
                        <tax>673262.36</tax>
                        <penalty>50.00</penalty>
                        <interest>0.00</interest>
                        <other>34433.17</other>
                        <credit>-707745.53</credit>
                        <balance>0.00</balance>
                        <activity>2017/2/04T01:07:01</activity>
                     </period>
                     <period>
                        <beginDate>2014-09-01</beginDate>
                        <endDate>2014-09-30</endDate>
                        <filingFrequency>GSTMO</filingFrequency>
                        <tax>557131.44</tax>
                        <penalty>50.00</penalty>
                        <interest>0.00</interest>
                        <other>5055.33</other>
                        <credit>-562236.77</credit>
                        <balance>0.00</balance>
                        <activity>2017/2/04T01:07:03</activity>
                     </period>
                     <period>
                        <beginDate>2014-10-01</beginDate>
                        <endDate>2014-10-31</endDate>
                        <filingFrequency>GSTMO</filingFrequency>
                        <tax>190631.24</tax>
                        <penalty>50.00</penalty>
                        <interest>0.00</interest>
                        <other>71068.61</other>
                        <credit>-261749.85</credit>
                        <balance>0.00</balance>
                        <activity>2017/2/04T01:07:05</activity>
                     </period>
                     <period>
                        <beginDate>2014-11-01</beginDate>
                        <endDate>2014-11-30</endDate>
                        <filingFrequency>GSTMO</filingFrequency>
                        <tax>496828.36</tax>
                        <penalty>2775.95</penalty>
                        <interest>164.77</interest>
                        <other>258974.75</other>
                        <credit>-758743.83</credit>
                        <balance>0.00</balance>
                        <activity>2017/2/04T01:07:04</activity>
                     </period>
                     <period>
                        <beginDate>2014-12-01</beginDate>
                        <endDate>2014-12-31</endDate>
                        <filingFrequency>GSTMO</filingFrequency>
                        <tax>146087.27</tax>
                        <penalty>50.00</penalty>
                        <interest>0.00</interest>
                        <other>115612.58</other>
                        <credit>-261749.85</credit>
                        <balance>0.00</balance>
                        <activity>2017/2/04T01:06:34</activity>
                     </period>
                     <period>
                        <beginDate>2015-01-01</beginDate>
                        <endDate>2015-01-31</endDate>
                        <filingFrequency>GSTMO</filingFrequency>
                        <tax>440975.71</tax>
                        <penalty>3549.84</penalty>
                        <interest>368.14</interest>
                        <other>278774.38</other>
                        <credit>-723668.07</credit>
                        <balance>0.00</balance>
                        <activity>2017/2/04T01:07:06</activity>
                     </period>
                     <period>
                        <beginDate>2015-02-01</beginDate>
                        <endDate>2015-02-28</endDate>
                        <filingFrequency>GSTMO</filingFrequency>
                        <tax>305501.42</tax>
                        <penalty>50.00</penalty>
                        <interest>0.00</interest>
                        <other>-50.00</other>
                        <credit>-305501.42</credit>
                        <balance>0.00</balance>
                        <activity>2017/2/04T01:07:02</activity>
                     </period>
                     <period>
                        <beginDate>2015-03-01</beginDate>
                        <endDate>2015-03-31</endDate>
                        <filingFrequency>GSTMO</filingFrequency>
                        <tax>191560.66</tax>
                        <penalty>50.00</penalty>
                        <interest>-229.29</interest>
                        <other>204593.85</other>
                        <credit>-395975.22</credit>
                        <balance>0.00</balance>
                        <activity>2017/2/04T01:07:03</activity>
                     </period>
                     <period>
                        <beginDate>2015-04-01</beginDate>
                        <endDate>2015-04-30</endDate>
                        <filingFrequency>GSTMO</filingFrequency>
                        <tax>352387.33</tax>
                        <penalty>50.00</penalty>
                        <interest>702.35</interest>
                        <other>71219.67</other>
                        <credit>-424359.35</credit>
                        <balance>0.00</balance>
                        <activity>2017/2/04T01:07:01</activity>
                     </period>
                     <period>
                        <beginDate>2015-05-01</beginDate>
                        <endDate>2015-05-31</endDate>
                        <filingFrequency>GSTMO</filingFrequency>
                        <tax>94068.83</tax>
                        <penalty>50.00</penalty>
                        <interest>-9.46</interest>
                        <other>158284.22</other>
                        <credit>-252393.59</credit>
                        <balance>0.00</balance>
                        <activity>2017/2/04T01:07:03</activity>
                     </period>
                     <period>
                        <beginDate>2015-06-01</beginDate>
                        <endDate>2015-06-30</endDate>
                        <filingFrequency>GSTMO</filingFrequency>
                        <tax>337465.77</tax>
                        <penalty>50.00</penalty>
                        <interest>7.18</interest>
                        <other>251284.81</other>
                        <credit>-588807.76</credit>
                        <balance>0.00</balance>
                        <activity>2017/2/04T01:07:05</activity>
                     </period>
                     <period>
                        <beginDate>2015-07-01</beginDate>
                        <endDate>2015-07-31</endDate>
                        <filingFrequency>GSTMO</filingFrequency>
                        <tax>414355.04</tax>
                        <penalty>50.00</penalty>
                        <interest>-0.61</interest>
                        <other>15242.09</other>
                        <credit>-429646.52</credit>
                        <balance>0.00</balance>
                        <activity>2017/2/04T01:07:00</activity>
                     </period>
                     <period>
                        <beginDate>2015-08-01</beginDate>
                        <endDate>2015-08-31</endDate>
                        <filingFrequency>GSTMO</filingFrequency>
                        <tax>203761.40</tax>
                        <penalty>50.00</penalty>
                        <interest>0.00</interest>
                        <other>47246.35</other>
                        <credit>-251057.75</credit>
                        <balance>0.00</balance>
                        <activity>2017/2/04T01:07:02</activity>
                     </period>
                     <period>
                        <beginDate>2015-09-01</beginDate>
                        <endDate>2015-09-30</endDate>
                        <filingFrequency>GSTMO</filingFrequency>
                        <tax>212554.47</tax>
                        <penalty>50.00</penalty>
                        <interest>-50.96</interest>
                        <other>115361.77</other>
                        <credit>-327915.28</credit>
                        <balance>0.00</balance>
                        <activity>2017/2/04T01:07:06</activity>
                     </period>
                     <period>
                        <beginDate>2015-10-01</beginDate>
                        <endDate>2015-10-31</endDate>
                        <filingFrequency>GSTMO</filingFrequency>
                        <tax>320750.23</tax>
                        <penalty>1975.05</penalty>
                        <interest>163.83</interest>
                        <other>75103.54</other>
                        <credit>-397992.65</credit>
                        <balance>0.00</balance>
                        <activity>2017/2/04T01:07:01</activity>
                     </period>
                     <period>
                        <beginDate>2015-11-01</beginDate>
                        <endDate>2015-11-30</endDate>
                        <filingFrequency>GSTMO</filingFrequency>
                        <tax>628174.25</tax>
                        <penalty>0.00</penalty>
                        <interest>0.00</interest>
                        <other>7533.14</other>
                        <credit>-635707.39</credit>
                        <balance>0.00</balance>
                        <activity>2017/2/04T01:07:04</activity>
                     </period>
                     <period>
                        <beginDate>2015-12-01</beginDate>
                        <endDate>2015-12-31</endDate>
                        <filingFrequency>GSTMO</filingFrequency>
                        <tax>133361.80</tax>
                        <penalty>50.00</penalty>
                        <interest>0.00</interest>
                        <other>325841.63</other>
                        <credit>-459253.43</credit>
                        <balance>0.00</balance>
                        <activity>2017/2/04T01:07:05</activity>
                     </period>
                     <period>
                        <beginDate>2016-01-01</beginDate>
                        <endDate>2016-01-31</endDate>
                        <filingFrequency>GSTMO</filingFrequency>
                        <tax>364540.02</tax>
                        <penalty>50.00</penalty>
                        <interest>0.00</interest>
                        <other>58079.63</other>
                        <credit>-422669.65</credit>
                        <balance>0.00</balance>
                        <activity>2017/2/04T01:07:04</activity>
                     </period>
                     <period>
                        <beginDate>2016-02-01</beginDate>
                        <endDate>2016-02-29</endDate>
                        <filingFrequency>GSTMO</filingFrequency>
                        <tax>359591.58</tax>
                        <penalty>50.00</penalty>
                        <interest>0.00</interest>
                        <other>34898.44</other>
                        <credit>-394540.02</credit>
                        <balance>0.00</balance>
                        <activity>2017/2/04T01:07:05</activity>
                     </period>
                     <period>
                        <beginDate>2016-03-01</beginDate>
                        <endDate>2016-03-31</endDate>
                        <filingFrequency>GSTMO</filingFrequency>
                        <tax>134402.18</tax>
                        <penalty>50.00</penalty>
                        <interest>0.00</interest>
                        <other>452519.65</other>
                        <credit>-586971.83</credit>
                        <balance>0.00</balance>
                        <activity>2017/2/04T01:07:05</activity>
                     </period>
                     <period>
                        <beginDate>2016-04-01</beginDate>
                        <endDate>2016-04-30</endDate>
                        <filingFrequency>GSTMO</filingFrequency>
                        <tax>369713.50</tax>
                        <penalty>50.00</penalty>
                        <interest>0.00</interest>
                        <other>333253.65</other>
                        <credit>-703017.15</credit>
                        <balance>0.00</balance>
                        <activity>2017/5/03T21:41:05</activity>
                     </period>
                     <period>
                        <beginDate>2016-05-01</beginDate>
                        <endDate>2016-05-31</endDate>
                        <filingFrequency>GSTMO</filingFrequency>
                        <tax>203846.16</tax>
                        <penalty>50.00</penalty>
                        <interest>0.00</interest>
                        <other>128573.49</other>
                        <credit>-332469.65</credit>
                        <balance>0.00</balance>
                        <activity>2017/2/04T01:07:02</activity>
                     </period>
                     <period>
                        <beginDate>2016-06-01</beginDate>
                        <endDate>2016-06-30</endDate>
                        <filingFrequency>GSTMO</filingFrequency>
                        <tax>410497.50</tax>
                        <penalty>50.00</penalty>
                        <interest>0.00</interest>
                        <other>81872.15</other>
                        <credit>-492419.65</credit>
                        <balance>0.00</balance>
                        <activity>2017/2/04T01:07:02</activity>
                     </period>
                     <period>
                        <beginDate>2016-07-01</beginDate>
                        <endDate>2016-07-31</endDate>
                        <filingFrequency>GSTMO</filingFrequency>
                        <tax>136777.08</tax>
                        <penalty>50.00</penalty>
                        <interest>0.00</interest>
                        <other>445091.37</other>
                        <credit>-581918.45</credit>
                        <balance>0.00</balance>
                        <activity>2017/2/04T01:06:55</activity>
                     </period>
                     <period>
                        <beginDate>2016-08-01</beginDate>
                        <endDate>2016-08-31</endDate>
                        <filingFrequency>GSTMO</filingFrequency>
                        <tax>10757.94</tax>
                        <penalty>50.00</penalty>
                        <interest>0.00</interest>
                        <other>247051.64</other>
                        <credit>-257859.58</credit>
                        <balance>0.00</balance>
                        <activity>2017/2/04T01:07:01</activity>
                     </period>
                     <period>
                        <beginDate>2016-09-01</beginDate>
                        <endDate>2016-09-30</endDate>
                        <filingFrequency>GSTMO</filingFrequency>
                        <tax>242109.96</tax>
                        <penalty>50.00</penalty>
                        <interest>0.00</interest>
                        <other>96692.77</other>
                        <credit>-338852.73</credit>
                        <balance>0.00</balance>
                        <activity>2017/2/04T01:07:02</activity>
                     </period>
                     <period>
                        <beginDate>2016-10-01</beginDate>
                        <endDate>2016-10-31</endDate>
                        <filingFrequency>GSTMO</filingFrequency>
                        <tax>24486.44</tax>
                        <penalty>0.00</penalty>
                        <interest>0.00</interest>
                        <other>299484.74</other>
                        <credit>-323971.18</credit>
                        <balance>0.00</balance>
                        <activity>2017/2/04T01:07:03</activity>
                     </period>
                     <period>
                        <beginDate>2016-11-01</beginDate>
                        <endDate>2016-11-30</endDate>
                        <filingFrequency>GSTMO</filingFrequency>
                        <tax>-2276.36</tax>
                        <penalty>50.00</penalty>
                        <interest>-10.03</interest>
                        <other>309562.56</other>
                        <credit>-307326.17</credit>
                        <balance>0.00</balance>
                        <activity>2017/3/02T19:14:25</activity>
                     </period>
                     <period>
                        <beginDate>2016-12-01</beginDate>
                        <endDate>2016-12-31</endDate>
                        <filingFrequency>GSTMO</filingFrequency>
                        <tax>-518708.30</tax>
                        <penalty>50.00</penalty>
                        <interest>-775.56</interest>
                        <other>826760.03</other>
                        <credit>-307326.17</credit>
                        <balance>0.00</balance>
                        <activity>2017/5/03T21:48:50</activity>
                     </period>
                     <period>
                        <beginDate>2017-01-01</beginDate>
                        <endDate>2017-01-31</endDate>
                        <filingFrequency>GSTMO</filingFrequency>
                        <tax>194384.25</tax>
                        <penalty>0.00</penalty>
                        <interest>-0.28</interest>
                        <other>260311.51</other>
                        <credit>-454695.76</credit>
                        <balance>-0.28</balance>
                        <activity>2017/4/26T10:31:44</activity>
                     </period>
                     <period>
                        <beginDate>2017-02-01</beginDate>
                        <endDate>2017-02-28</endDate>
                        <filingFrequency>GSTMO</filingFrequency>
                        <tax>134542.49</tax>
                        <penalty>50.00</penalty>
                        <interest>0.00</interest>
                        <other>260261.51</other>
                        <credit>-394854.00</credit>
                        <balance>0.00</balance>
                        <activity>2017/5/26T08:40:17</activity>
                     </period>
                     <period>
                        <beginDate>2017-03-01</beginDate>
                        <endDate>2017-03-31</endDate>
                        <filingFrequency>GSTMO</filingFrequency>
                        <tax>-60713.23</tax>
                        <penalty>50.00</penalty>
                        <interest>-196.65</interest>
                        <other>259950.00</other>
                        <credit>-259950.00</credit>
                        <balance>-60859.88</balance>
                        <activity>2017/9/22T18:36:47</activity>
                     </period>
                     <period>
                        <beginDate>2017-04-01</beginDate>
                        <endDate>2017-04-30</endDate>
                        <filingFrequency>GSTMO</filingFrequency>
                        <tax>-55701.63</tax>
                        <penalty>50.00</penalty>
                        <interest>-758.37</interest>
                        <other>50.00</other>
                        <credit>-259950.00</credit>
                        <balance>-316310.00</balance>
                        <activity>2017/9/22T18:36:47</activity>
                     </period>
                     <period>
                        <beginDate>2017-05-01</beginDate>
                        <endDate>2017-05-31</endDate>
                        <filingFrequency>GSTMO</filingFrequency>
                        <tax>127528.79</tax>
                        <penalty>50.00</penalty>
                        <interest>870.58</interest>
                        <other>0.00</other>
                        <credit>-127578.79</credit>
                        <balance>870.58</balance>
                        <activity>2017/9/22T18:36:47</activity>
                     </period>
                     <period>
                        <beginDate>2017-06-01</beginDate>
                        <endDate>2017-06-30</endDate>
                        <filingFrequency>GSTMO</filingFrequency>
                        <tax>53225.47</tax>
                        <penalty>50.00</penalty>
                        <interest>575.55</interest>
                        <other>0.00</other>
                        <credit>0.00</credit>
                        <balance>53851.02</balance>
                        <activity>2017/9/22T18:36:47</activity>
                     </period>
                     <period>
                        <beginDate>2017-07-01</beginDate>
                        <endDate>2017-07-31</endDate>
                        <filingFrequency>GSTMO</filingFrequency>
                        <tax>100000.00</tax>
                        <penalty>2407.44</penalty>
                        <interest>273.64</interest>
                        <other>0.00</other>
                        <credit>-53225.47</credit>
                        <balance>49455.61</balance>
                        <activity>2017/9/22T18:49:11</activity>
                     </period>
                     <period>
                        <beginDate>2017-08-01</beginDate>
                        <endDate>2017-08-31</endDate>
                        <filingFrequency>GSTMO</filingFrequency>
                        <tax>0.00</tax>
                        <penalty>0.00</penalty>
                        <interest>0.00</interest>
                        <other>0.00</other>
                        <credit>0.00</credit>
                        <balance>0.00</balance>
                        <activity>9999/12/31T00:00:00</activity>
                     </period>
                     <period>
                        <beginDate>2017-09-01</beginDate>
                        <endDate>2017-09-30</endDate>
                        <filingFrequency>GSTMO</filingFrequency>
                        <tax>0.00</tax>
                        <penalty>0.00</penalty>
                        <interest>0.00</interest>
                        <other>0.00</other>
                        <credit>0.00</credit>
                        <balance>0.00</balance>
                        <activity>9999/12/31T00:00:00</activity>
                     </period>
                  </responseBody>
               </retrievePeriodSummariesResponse>
            </b:RetrievePeriodSummariesResponseWrapper>
         </RetrievePeriodSummariesResult>
      </RetrievePeriodSummariesResponse>
   </s:Body>
</s:Envelope>