<s:Envelope xmlns:s="http://www.w3.org/2003/05/soap-envelope" xmlns:a="http://www.w3.org/2005/08/addressing">
   <s:Header>
      <a:Action s:mustUnderstand="1">https://services.ird.govt.nz/GWS/Transactions/Transactions/RetrieveListResponse</a:Action>
   </s:Header>
   <s:Body>
      <RetrieveListResponse xmlns="https://services.ird.govt.nz/GWS/Transactions/">
         <RetrieveListResult xmlns:b="https://services.ird.govt.nz/GWS/Transactions/:types/RetrieveListResponse" xmlns:i="http://www.w3.org/2001/XMLSchema-instance">
            <b:RetrieveListResponseWrapper>
               <retrieveListResponse xmlns="urn:www.ird.govt.nz/GWS:types/Transactions">
                  <statusMessage xmlns="urn:www.ird.govt.nz/GWS:types/Common.v1">
                     <statusCode>0</statusCode>
                     <errorMessage/>
                  </statusMessage>
                  <responseBody>
                     <list>
                        <pendingPayments>
                           <payment>
                              <paymentID>1414376704</paymentID>
                              <amount>194384.25</amount>
                              <pendingDate>9999-12-31</pendingDate>
                           </payment>
                        </pendingPayments>
                        <bankAccounts>
                           <bankAccount>
                              <transactionID>185100320</transactionID>
                              <nzBankStandard>
                                 <bank>02</bank>
                                 <branch>0568</branch>
                                 <account>00195445</account>
                                 <suffix>0000</suffix>
                              </nzBankStandard>
                           </bankAccount>
                           <bankAccount>
                              <transactionID>1258842144</transactionID>
                              <nzBankStandard>
                                 <bank>02</bank>
                                 <branch>0568</branch>
                                 <account>00195445</account>
                                 <suffix>0000</suffix>
                              </nzBankStandard>
                           </bankAccount>
                           <bankAccount>
                              <transactionID>2064148512</transactionID>
                              <nzBankStandard>
                                 <bank>02</bank>
                                 <branch>0568</branch>
                                 <account>00195445</account>
                                 <suffix>0000</suffix>
                              </nzBankStandard>
                           </bankAccount>
                           <bankAccount>
                              <transactionID>990406688</transactionID>
                              <nzBankStandard>
                                 <bank>02</bank>
                                 <branch>0568</branch>
                                 <account>00195445</account>
                                 <suffix>0000</suffix>
                              </nzBankStandard>
                           </bankAccount>
                           <bankAccount>
                              <transactionID>1929930784</transactionID>
                              <nzBankStandard>
                                 <bank>02</bank>
                                 <branch>0568</branch>
                                 <account>00195445</account>
                                 <suffix>0000</suffix>
                              </nzBankStandard>
                           </bankAccount>
                        </bankAccounts>
                        <transfers>
                           <transfer>
                              <transactionID>449269792</transactionID>
                              <otherAccountID>011264190</otherAccountID>
                              <otherAccountType>GST</otherAccountType>
                              <otherPeriod>2017-01-31</otherPeriod>
                           </transfer>
                           <transfer>
                              <transactionID>717705248</transactionID>
                              <otherAccountID>011264190</otherAccountID>
                              <otherAccountType>GST</otherAccountType>
                              <otherPeriod>2017-01-31</otherPeriod>
                           </transfer>
                           <transfer>
                              <transactionID>986140704</transactionID>
                              <otherAccountID>011264190</otherAccountID>
                              <otherAccountType>GST</otherAccountType>
                              <otherPeriod>2017-01-31</otherPeriod>
                           </transfer>
                           <transfer>
                              <transactionID>856188960</transactionID>
                              <otherAccountID>011264190</otherAccountID>
                              <otherAccountType/>
                           </transfer>
                           <transfer>
                              <transactionID>69590848</transactionID>
                              <otherAccountID>011264190</otherAccountID>
                              <otherAccountType>GST</otherAccountType>
                              <otherPeriod>2016-11-30</otherPeriod>
                           </transfer>
                           <transfer>
                              <transactionID>981059904</transactionID>
                              <otherAccountID>011264190</otherAccountID>
                              <otherAccountType>GST</otherAccountType>
                              <otherPeriod>2016-11-30</otherPeriod>
                           </transfer>
                           <transfer>
                              <transactionID>1814421312</transactionID>
                              <otherAccountID>011264190</otherAccountID>
                              <otherAccountType>GST</otherAccountType>
                              <otherPeriod>2016-11-30</otherPeriod>
                           </transfer>
                           <transfer>
                              <transactionID>1948639040</transactionID>
                              <otherAccountID>011264190</otherAccountID>
                              <otherAccountType>GST</otherAccountType>
                              <otherPeriod>2016-11-30</otherPeriod>
                           </transfer>
                        </transfers>
                        <bills>
                           <bill>
                              <billID>258672768</billID>
                              <dueDate>9999-12-31</dueDate>
                              <credit>-824499.94</credit>
                              <balance>0.00</balance>
                           </bill>
                        </bills>
                        <transaction>
                           <amount>-50.00</amount>
                           <transactionID>422176</transactionID>
                           <transactionType>REVPNC</transactionType>
                           <postedDate>2017-05-03</postedDate>
                           <effectiveDate>2017-01-28</effectiveDate>
                           <linkID>1326079424</linkID>
                        </transaction>
                        <transaction>
                           <amount>-50.00</amount>
                           <transactionID>16597696</transactionID>
                           <transactionType>REVPNC</transactionType>
                           <postedDate>2017-03-02</postedDate>
                           <effectiveDate>2017-01-28</effectiveDate>
                           <linkID>2082190528</linkID>
                        </transaction>
                        <transaction>
                           <amount>-50.00</amount>
                           <transactionID>35370176</transactionID>
                           <transactionType>REVPNC</transactionType>
                           <postedDate>2017-03-02</postedDate>
                           <effectiveDate>2017-01-28</effectiveDate>
                           <linkID>1138961600</linkID>
                        </transaction>
                        <transaction>
                           <amount>50.00</amount>
                           <transactionID>78806464</transactionID>
                           <transactionType>PNLLTF</transactionType>
                           <postedDate>2017-03-17</postedDate>
                           <effectiveDate>2017-01-28</effectiveDate>
                           <linkID>0</linkID>
                        </transaction>
                        <transaction>
                           <amount>-50.00</amount>
                           <transactionID>108644672</transactionID>
                           <transactionType>REVPNC</transactionType>
                           <postedDate>2017-02-07</postedDate>
                           <effectiveDate>2017-01-28</effectiveDate>
                           <linkID>444188992</linkID>
                        </transaction>
                        <transaction>
                           <amount>518708.30</amount>
                           <transactionID>185100320</transactionID>
                           <transactionType>DSBDIR</transactionType>
                           <postedDate>2017-04-03</postedDate>
                           <effectiveDate>2017-04-03</effectiveDate>
                           <linkID>923426240</linkID>
                        </transaction>
                        <transaction>
                           <amount>-50.00</amount>
                           <transactionID>2024963520</transactionID>
                           <transactionType>REVPNC</transactionType>
                           <postedDate>2017-03-17</postedDate>
                           <effectiveDate>2017-01-28</effectiveDate>
                           <linkID>1637334208</linkID>
                        </transaction>
                        <transaction>
                           <amount>50.00</amount>
                           <transactionID>2054801728</transactionID>
                           <transactionType>PNLLTF</transactionType>
                           <postedDate>2017-02-07</postedDate>
                           <effectiveDate>2017-01-28</effectiveDate>
                           <linkID>0</linkID>
                        </transaction>
                        <transaction>
                           <amount>75.06</amount>
                           <transactionID>2064148512</transactionID>
                           <transactionType>DSBDIR</transactionType>
                           <postedDate>2017-04-03</postedDate>
                           <effectiveDate>2017-04-03</effectiveDate>
                           <linkID>1527277600</linkID>
                        </transaction>
                        <transaction>
                           <amount>50.00</amount>
                           <transactionID>2082190528</transactionID>
                           <transactionType>PNLLTF</transactionType>
                           <postedDate>2017-03-02</postedDate>
                           <effectiveDate>2017-01-28</effectiveDate>
                           <linkID>0</linkID>
                        </transaction>
                        <transaction>
                           <amount>50.00</amount>
                           <transactionID>2138915520</transactionID>
                           <transactionType>PNLLTF</transactionType>
                           <postedDate>2017-03-02</postedDate>
                           <effectiveDate>2017-01-28</effectiveDate>
                           <linkID>0</linkID>
                        </transaction>
                        <transaction>
                           <amount>-50.00</amount>
                           <transactionID>1609237184</transactionID>
                           <transactionType>REVPNC</transactionType>
                           <postedDate>2017-03-01</postedDate>
                           <effectiveDate>2017-01-28</effectiveDate>
                           <linkID>1671361728</linkID>
                        </transaction>
                        <transaction>
                           <amount>50.00</amount>
                           <transactionID>1637334208</transactionID>
                           <transactionType>PNLLTF</transactionType>
                           <postedDate>2017-03-08</postedDate>
                           <effectiveDate>2017-01-28</effectiveDate>
                           <linkID>0</linkID>
                        </transaction>
                        <transaction>
                           <amount>50.00</amount>
                           <transactionID>1671361728</transactionID>
                           <transactionType>PNLLTF</transactionType>
                           <postedDate>2017-03-01</postedDate>
                           <effectiveDate>2017-01-28</effectiveDate>
                           <linkID>0</linkID>
                        </transaction>
                        <transaction>
                           <amount>50.00</amount>
                           <transactionID>1878683936</transactionID>
                           <transactionType>PNLLTF</transactionType>
                           <postedDate>2017-05-03</postedDate>
                           <effectiveDate>2017-01-30</effectiveDate>
                           <linkID>0</linkID>
                        </transaction>
                        <transaction>
                           <amount>44916.08</amount>
                           <transactionID>1929930784</transactionID>
                           <transactionType>DSBDIR</transactionType>
                           <postedDate>2017-04-03</postedDate>
                           <effectiveDate>2017-04-03</effectiveDate>
                           <linkID>1948639040</linkID>
                        </transaction>
                        <transaction>
                           <amount>0.00</amount>
                           <transactionID>1997168064</transactionID>
                           <transactionType>RTNORI</transactionType>
                           <postedDate>2017-03-20</postedDate>
                           <effectiveDate>2017-01-01</effectiveDate>
                           <linkID>0</linkID>
                        </transaction>
                        <transaction>
                           <amount>-50.00</amount>
                           <transactionID>1277550400</transactionID>
                           <transactionType>REVPNC</transactionType>
                           <postedDate>2017-02-28</postedDate>
                           <effectiveDate>2017-01-28</effectiveDate>
                           <linkID>1143332672</linkID>
                        </transaction>
                        <transaction>
                           <amount>50.00</amount>
                           <transactionID>1326079424</transactionID>
                           <transactionType>PNLLTF</transactionType>
                           <postedDate>2017-03-20</postedDate>
                           <effectiveDate>2017-01-28</effectiveDate>
                           <linkID>0</linkID>
                        </transaction>
                        <transaction>
                           <amount>0.00</amount>
                           <transactionID>1341813024</transactionID>
                           <transactionType>RTNORI</transactionType>
                           <postedDate>2017-05-03</postedDate>
                           <effectiveDate>2017-01-01</effectiveDate>
                           <linkID>0</linkID>
                        </transaction>
                        <transaction>
                           <amount>0.00</amount>
                           <transactionID>1488092608</transactionID>
                           <transactionType>PNLLFE</transactionType>
                           <postedDate>2017-03-17</postedDate>
                           <effectiveDate>2017-01-28</effectiveDate>
                           <linkID>0</linkID>
                        </transaction>
                        <transaction>
                           <amount>50.00</amount>
                           <transactionID>1499615040</transactionID>
                           <transactionType>PNLLTF</transactionType>
                           <postedDate>2017-02-07</postedDate>
                           <effectiveDate>2017-01-28</effectiveDate>
                           <linkID>0</linkID>
                        </transaction>
                        <transaction>
                           <amount>-50.00</amount>
                           <transactionID>1545985856</transactionID>
                           <transactionType>REVPNC</transactionType>
                           <postedDate>2017-02-28</postedDate>
                           <effectiveDate>2017-01-28</effectiveDate>
                           <linkID>203808576</linkID>
                        </transaction>
                        <transaction>
                           <amount>-50.00</amount>
                           <transactionID>962744128</transactionID>
                           <transactionType>REVPNC</transactionType>
                           <postedDate>2017-02-07</postedDate>
                           <effectiveDate>2017-01-28</effectiveDate>
                           <linkID>2054801728</linkID>
                        </transaction>
                        <transaction>
                           <amount>44585.05</amount>
                           <transactionID>986140704</transactionID>
                           <transactionType>FWDGST</transactionType>
                           <postedDate>2017-03-31</postedDate>
                           <effectiveDate>2017-02-28</effectiveDate>
                           <linkID>1948639040</linkID>
                        </transaction>
                        <transaction>
                           <amount>700.50</amount>
                           <transactionID>990406688</transactionID>
                           <transactionType>DSBDIR</transactionType>
                           <postedDate>2017-04-03</postedDate>
                           <effectiveDate>2017-04-03</effectiveDate>
                           <linkID>1795713056</linkID>
                        </transaction>
                        <transaction>
                           <amount>50.00</amount>
                           <transactionID>1138961600</transactionID>
                           <transactionType>PNLLTF</transactionType>
                           <postedDate>2017-03-01</postedDate>
                           <effectiveDate>2017-01-28</effectiveDate>
                           <linkID>0</linkID>
                        </transaction>
                        <transaction>
                           <amount>50.00</amount>
                           <transactionID>1143332672</transactionID>
                           <transactionType>PNLLTF</transactionType>
                           <postedDate>2017-02-28</postedDate>
                           <effectiveDate>2017-01-28</effectiveDate>
                           <linkID>0</linkID>
                        </transaction>
                        <transaction>
                           <amount>50.00</amount>
                           <transactionID>1258842144</transactionID>
                           <transactionType>DSBDIR</transactionType>
                           <postedDate>2017-04-03</postedDate>
                           <effectiveDate>2017-04-03</effectiveDate>
                           <linkID>981059904</linkID>
                        </transaction>
                        <transaction>
                           <amount>50.00</amount>
                           <transactionID>472244032</transactionID>
                           <transactionType>PNLLTF</transactionType>
                           <postedDate>2017-02-28</postedDate>
                           <effectiveDate>2017-01-28</effectiveDate>
                           <linkID>0</linkID>
                        </transaction>
                        <transaction>
                           <amount>50.00</amount>
                           <transactionID>535495360</transactionID>
                           <transactionType>PNLLTF</transactionType>
                           <postedDate>2017-03-01</postedDate>
                           <effectiveDate>2017-01-28</effectiveDate>
                           <linkID>0</linkID>
                        </transaction>
                        <transaction>
                           <amount>-50.00</amount>
                           <transactionID>602090688</transactionID>
                           <transactionType>REVPNC</transactionType>
                           <postedDate>2017-03-01</postedDate>
                           <effectiveDate>2017-01-28</effectiveDate>
                           <linkID>535495360</linkID>
                        </transaction>
                        <transaction>
                           <amount>-50.00</amount>
                           <transactionID>606461760</transactionID>
                           <transactionType>REVPNC</transactionType>
                           <postedDate>2017-02-28</postedDate>
                           <effectiveDate>2017-01-28</effectiveDate>
                           <linkID>1499615040</linkID>
                        </transaction>
                        <transaction>
                           <amount>207623.52</amount>
                           <transactionID>717705248</transactionID>
                           <transactionType>FWDGST</transactionType>
                           <postedDate>2017-03-31</postedDate>
                           <effectiveDate>2017-02-28</effectiveDate>
                           <linkID>69590848</linkID>
                        </transaction>
                        <transaction>
                           <amount>0.00</amount>
                           <transactionID>804942112</transactionID>
                           <transactionType>REVTXC</transactionType>
                           <postedDate>2017-05-03</postedDate>
                           <effectiveDate>2017-01-01</effectiveDate>
                           <linkID>1997168064</linkID>
                        </transaction>
                        <transaction>
                           <amount>50.00</amount>
                           <transactionID>203808576</transactionID>
                           <transactionType>PNLLTF</transactionType>
                           <postedDate>2017-02-28</postedDate>
                           <effectiveDate>2017-01-28</effectiveDate>
                           <linkID>0</linkID>
                        </transaction>
                        <transaction>
                           <amount>-50.00</amount>
                           <transactionID>252337600</transactionID>
                           <transactionType>REVPNC</transactionType>
                           <postedDate>2017-03-20</postedDate>
                           <effectiveDate>2017-01-28</effectiveDate>
                           <linkID>78806464</linkID>
                        </transaction>
                        <transaction>
                           <amount>-50.00</amount>
                           <transactionID>295156928</transactionID>
                           <transactionType>REVPNC</transactionType>
                           <postedDate>2017-03-08</postedDate>
                           <effectiveDate>2017-01-28</effectiveDate>
                           <linkID>2138915520</linkID>
                        </transaction>
                        <transaction>
                           <amount>-50.00</amount>
                           <transactionID>329184448</transactionID>
                           <transactionType>REVPNC</transactionType>
                           <postedDate>2017-03-01</postedDate>
                           <effectiveDate>2017-01-28</effectiveDate>
                           <linkID>472244032</linkID>
                        </transaction>
                        <transaction>
                           <amount>50.00</amount>
                           <transactionID>444188992</transactionID>
                           <transactionType>PNLLTF</transactionType>
                           <postedDate>2017-02-07</postedDate>
                           <effectiveDate>2017-01-28</effectiveDate>
                           <linkID>0</linkID>
                        </transaction>
                        <transaction>
                           <amount>7791.43</amount>
                           <transactionID>449269792</transactionID>
                           <transactionType>FWDGST</transactionType>
                           <postedDate>2017-03-31</postedDate>
                           <effectiveDate>2017-02-28</effectiveDate>
                           <linkID>1814421312</linkID>
                        </transaction>
                        <transaction>
                           <amount>-207623.52</amount>
                           <transactionID>69590848</transactionID>
                           <transactionType>RECGST</transactionType>
                           <postedDate>2017-02-28</postedDate>
                           <effectiveDate>2016-11-28</effectiveDate>
                           <linkID>0</linkID>
                        </transaction>
                        <transaction>
                           <amount>-36.66</amount>
                           <transactionID>100994496</transactionID>
                           <transactionType>INTCRD</transactionType>
                           <postedDate>2017-03-30</postedDate>
                           <effectiveDate>2017-03-30</effectiveDate>
                           <linkID>0</linkID>
                        </transaction>
                        <transaction>
                           <amount>953.17</amount>
                           <transactionID>113725472</transactionID>
                           <transactionType>REVIND</transactionType>
                           <postedDate>2017-03-31</postedDate>
                           <effectiveDate>2017-03-29</effectiveDate>
                           <linkID>555353792</linkID>
                        </transaction>
                        <transaction>
                           <amount>653.14</amount>
                           <transactionID>169462720</transactionID>
                           <transactionType>REVIND</transactionType>
                           <postedDate>2017-03-31</postedDate>
                           <effectiveDate>2017-03-29</effectiveDate>
                           <linkID>1187467296</linkID>
                        </transaction>
                        <transaction>
                           <amount>36.66</amount>
                           <transactionID>188909600</transactionID>
                           <transactionType>REVIND</transactionType>
                           <postedDate>2017-03-31</postedDate>
                           <effectiveDate>2017-03-30</effectiveDate>
                           <linkID>100994496</linkID>
                        </transaction>
                        <transaction>
                           <amount>518708.30</amount>
                           <transactionID>268071200</transactionID>
                           <transactionType>REVTXD</transactionType>
                           <postedDate>2017-05-03</postedDate>
                           <effectiveDate>2017-01-01</effectiveDate>
                           <linkID>923426240</linkID>
                        </transaction>
                        <transaction>
                           <amount>-518708.30</amount>
                           <transactionID>2012901664</transactionID>
                           <transactionType>RTNCRD</transactionType>
                           <postedDate>2017-05-03</postedDate>
                           <effectiveDate>2017-01-01</effectiveDate>
                           <linkID>0</linkID>
                        </transaction>
                        <transaction>
                           <amount>-75.06</amount>
                           <transactionID>2147119392</transactionID>
                           <transactionType>INTCRD</transactionType>
                           <postedDate>2017-05-03</postedDate>
                           <effectiveDate>2017-04-03</effectiveDate>
                           <linkID>0</linkID>
                        </transaction>
                        <transaction>
                           <amount>0.00</amount>
                           <transactionID>1786366272</transactionID>
                           <transactionType>PNLLFE</transactionType>
                           <postedDate>2017-02-07</postedDate>
                           <effectiveDate>2017-01-28</effectiveDate>
                           <linkID>0</linkID>
                        </transaction>
                        <transaction>
                           <amount>-700.50</amount>
                           <transactionID>1795713056</transactionID>
                           <transactionType>INTCRD</transactionType>
                           <postedDate>2017-04-03</postedDate>
                           <effectiveDate>2017-03-31</effectiveDate>
                           <linkID>0</linkID>
                        </transaction>
                        <transaction>
                           <amount>-7791.43</amount>
                           <transactionID>1814421312</transactionID>
                           <transactionType>RECGST</transactionType>
                           <postedDate>2017-02-28</postedDate>
                           <effectiveDate>2017-02-28</effectiveDate>
                           <linkID>0</linkID>
                        </transaction>
                        <transaction>
                           <amount>-703.37</amount>
                           <transactionID>1914293184</transactionID>
                           <transactionType>INTCRD</transactionType>
                           <postedDate>2017-03-31</postedDate>
                           <effectiveDate>2017-03-31</effectiveDate>
                           <linkID>0</linkID>
                        </transaction>
                        <transaction>
                           <amount>-73.31</amount>
                           <transactionID>1933740064</transactionID>
                           <transactionType>INTCRD</transactionType>
                           <postedDate>2017-03-31</postedDate>
                           <effectiveDate>2017-03-31</effectiveDate>
                           <linkID>0</linkID>
                        </transaction>
                        <transaction>
                           <amount>-91861.22</amount>
                           <transactionID>1948639040</transactionID>
                           <transactionType>RECGST</transactionType>
                           <postedDate>2017-02-28</postedDate>
                           <effectiveDate>2016-08-28</effectiveDate>
                           <linkID>0</linkID>
                        </transaction>
                        <transaction>
                           <amount>-653.14</amount>
                           <transactionID>1187467296</transactionID>
                           <transactionType>INTCRD</transactionType>
                           <postedDate>2017-03-31</postedDate>
                           <effectiveDate>2017-03-29</effectiveDate>
                           <linkID>0</linkID>
                        </transaction>
                        <transaction>
                           <amount>-75.37</amount>
                           <transactionID>1393059872</transactionID>
                           <transactionType>INTCRD</transactionType>
                           <postedDate>2017-04-03</postedDate>
                           <effectiveDate>2017-04-03</effectiveDate>
                           <linkID>0</linkID>
                        </transaction>
                        <transaction>
                           <amount>-75.06</amount>
                           <transactionID>1527277600</transactionID>
                           <transactionType>INTCRD</transactionType>
                           <postedDate>2017-04-03</postedDate>
                           <effectiveDate>2017-04-03</effectiveDate>
                           <linkID>0</linkID>
                        </transaction>
                        <transaction>
                           <amount>-700.50</amount>
                           <transactionID>1610248480</transactionID>
                           <transactionType>INTCRD</transactionType>
                           <postedDate>2017-05-03</postedDate>
                           <effectiveDate>2017-03-31</effectiveDate>
                           <linkID>0</linkID>
                        </transaction>
                        <transaction>
                           <amount>623.23</amount>
                           <transactionID>1629095616</transactionID>
                           <transactionType>REVIND</transactionType>
                           <postedDate>2017-03-29</postedDate>
                           <effectiveDate>2017-03-20</effectiveDate>
                           <linkID>789208512</linkID>
                        </transaction>
                        <transaction>
                           <amount>-50.23</amount>
                           <transactionID>1724338208</transactionID>
                           <transactionType>INTCRD</transactionType>
                           <postedDate>2017-03-31</postedDate>
                           <effectiveDate>2017-03-31</effectiveDate>
                           <linkID>0</linkID>
                        </transaction>
                        <transaction>
                           <amount>50.23</amount>
                           <transactionID>840551360</transactionID>
                           <transactionType>REVIND</transactionType>
                           <postedDate>2017-03-31</postedDate>
                           <effectiveDate>2017-03-31</effectiveDate>
                           <linkID>1724338208</linkID>
                        </transaction>
                        <transaction>
                           <amount>2310.09</amount>
                           <transactionID>856188960</transactionID>
                           <transactionType>DSXFIR</transactionType>
                           <postedDate>2017-04-03</postedDate>
                           <effectiveDate>2016-08-28</effectiveDate>
                           <linkID>1948639040</linkID>
                        </transaction>
                        <transaction>
                           <amount>-518708.30</amount>
                           <transactionID>923426240</transactionID>
                           <transactionType>RTNCRD</transactionType>
                           <postedDate>2017-03-20</postedDate>
                           <effectiveDate>2017-01-01</effectiveDate>
                           <linkID>0</linkID>
                        </transaction>
                        <transaction>
                           <amount>0.00</amount>
                           <transactionID>951221696</transactionID>
                           <transactionType>REVOTC</transactionType>
                           <postedDate>2017-03-17</postedDate>
                           <effectiveDate>2017-01-28</effectiveDate>
                           <linkID>1786366272</linkID>
                        </transaction>
                        <transaction>
                           <amount>-50.00</amount>
                           <transactionID>981059904</transactionID>
                           <transactionType>XFRIN</transactionType>
                           <postedDate>2017-02-07</postedDate>
                           <effectiveDate>2017-01-28</effectiveDate>
                           <linkID>0</linkID>
                        </transaction>
                        <transaction>
                           <amount>75.06</amount>
                           <transactionID>1073377568</transactionID>
                           <transactionType>REVIND</transactionType>
                           <postedDate>2017-05-03</postedDate>
                           <effectiveDate>2017-04-03</effectiveDate>
                           <linkID>1527277600</linkID>
                        </transaction>
                        <transaction>
                           <amount>75.37</amount>
                           <transactionID>453535776</transactionID>
                           <transactionType>REVIND</transactionType>
                           <postedDate>2017-04-03</postedDate>
                           <effectiveDate>2017-04-03</effectiveDate>
                           <linkID>1393059872</linkID>
                        </transaction>
                        <transaction>
                           <amount>700.50</amount>
                           <transactionID>536506656</transactionID>
                           <transactionType>REVIND</transactionType>
                           <postedDate>2017-05-03</postedDate>
                           <effectiveDate>2017-03-31</effectiveDate>
                           <linkID>1795713056</linkID>
                        </transaction>
                        <transaction>
                           <amount>-953.17</amount>
                           <transactionID>555353792</transactionID>
                           <transactionType>INTCRD</transactionType>
                           <postedDate>2017-03-29</postedDate>
                           <effectiveDate>2017-03-29</effectiveDate>
                           <linkID>0</linkID>
                        </transaction>
                        <transaction>
                           <amount>73.31</amount>
                           <transactionID>650596384</transactionID>
                           <transactionType>REVIND</transactionType>
                           <postedDate>2017-03-31</postedDate>
                           <effectiveDate>2017-03-31</effectiveDate>
                           <linkID>1933740064</linkID>
                        </transaction>
                        <transaction>
                           <amount>703.37</amount>
                           <transactionID>721971232</transactionID>
                           <transactionType>REVIND</transactionType>
                           <postedDate>2017-04-03</postedDate>
                           <effectiveDate>2017-03-31</effectiveDate>
                           <linkID>1914293184</linkID>
                        </transaction>
                        <transaction>
                           <amount>-623.23</amount>
                           <transactionID>789208512</transactionID>
                           <transactionType>INTCRD</transactionType>
                           <postedDate>2017-03-20</postedDate>
                           <effectiveDate>2017-03-20</effectiveDate>
                           <linkID>0</linkID>
                        </transaction>
                     </list>
                  </responseBody>
               </retrieveListResponse>
            </b:RetrieveListResponseWrapper>
         </RetrieveListResult>
      </RetrieveListResponse>
   </s:Body>
</s:Envelope>