<?xml version="1.0"?>
<Customers xmlns:xsd="http://www.w3.org/2001/XMLSchema" xmlns:xsi="http://www.w3.org/2001/XMLSchema-instance">
  <Customer ID="123041507" IDType="IRD">
    <ClientList ListID="" ListIDType="">
      <Account Type="GST" FilingFrequency="GST2M1" ID="123-041-507-GST002" Commence="2017-10-31" Cease="9999-12-31" Balance="0.00" MaxActivity="1900-01-01T00:00:00">
        <Period Balance="0.00" FilingPeriod="9999-12-31" Activity="1900-01-01T00:00:00" />
      </Account>
    </ClientList>
  </Customer>
  <Customer ID="123068629" IDType="IRD">
    <ClientList ListID="" ListIDType="">
      <Account Type="AIL" FilingFrequency="AILMO" ID="123-068-629-AIL002" Commence="2017-04-01" Cease="9999-12-31" Balance="24.90" MaxActivity="2018-01-30T18:06:50.097">
        <Period Balance="0.00" FilingPeriod="2017-04-30" Activity="9999-12-31T00:00:00" />
        <Period Balance="0.00" FilingPeriod="2017-05-31" Activity="9999-12-31T00:00:00" />
        <Period Balance="0.00" FilingPeriod="2017-06-30" Activity="9999-12-31T00:00:00" />
        <Period Balance="0.00" FilingPeriod="2017-07-31" Activity="9999-12-31T00:00:00" />
        <Period Balance="24.90" FilingPeriod="2017-08-31" Activity="2018-01-30T18:06:50.097">
          <Bill BillID="1099384832" BillIDForDisplay="3" Due="2018-01-30" Tax="0.00" Penalty="12.50" PenaltyForecast="0.00" Interest="0.00" InterestForecast="0.00" Other="0.00" OtherForecast="0.00" Credit="0.00" CreditForecast="0.00" Balance="12.50">
            <Tx Amt="12.50" TransID="2010269696" Type="PNLWSD" Post="2018-01-30T18:06:50.067" Effect="2018-01-30" LinkID="0" />
          </Bill>
        </Period>
        <Period Balance="0.00" FilingPeriod="2017-09-30" Activity="9999-12-31T00:00:00" />
      </Account>
    </ClientList>
  </Customer>
</Customers>