<?xml version="1.0"?>
<IntermediationSummary xmlns:xsd="http://www.w3.org/2001/XMLSchema" xmlns:xsi="http://www.w3.org/2001/XMLSchema-instance" RetrievedDate="2017-11-02T10:33:05.2">
  <Links Type="AGENT" ID="123068610" IDType="IRD">
    <Client ID="123088514" IDType="IRD" AccountType="GST" />
    <Client ID="123088514" IDType="IRD" AccountType="IPS" />
    <Client ID="123103165" IDType="IRD" AccountType="RWT" />
  </Links>
  <Links Type="AGENT" ID="123105028" IDType="IRD">
    <Client ID="123088514" IDType="IRD" AccountType="GST" />
    <Client ID="123088514" IDType="IRD" AccountType="IPS" />
    <Client ID="123103165" IDType="IRD" AccountType="RWT" />
    <Client ID="123024052" IDType="IRD" AccountType="IPS" />
    <Client ID="123041028" IDType="IRD" AccountType="DWT" />
    <Client ID="123051106" IDType="IRD" AccountType="FBT" />
    <Client ID="123065883" IDType="IRD" AccountType="GMD" />
    <Client ID="123068629" IDType="IRD" AccountType="AIL" />
    <Client ID="123088522" IDType="IRD" AccountType="GST" />
    <Client ID="123088883" IDType="IRD" AccountType="DWT" />
    <Client ID="501782255" IDType="IRD" AccountType="GST" />
  </Links>
</IntermediationSummary>