<?xml version="1.0"?>
<IntermediationSummary xmlns:xsd="http://www.w3.org/2001/XMLSchema" xmlns:xsi="http://www.w3.org/2001/XMLSchema-instance" RetrievedDate="2018-01-30T18:06:10.04">
  <AgencyLinks ID="123105028" IDType="IRD">
    <ClientList ID="123105028" IDType="IRD">
      <Link ID="123024052" IDType="IRD" AccountType="IPS" />
      <Link ID="123025148" IDType="IRD" AccountType="GST" />
      <Link ID="123041028" IDType="IRD" AccountType="DWT" />
      <Link ID="123051106" IDType="IRD" AccountType="FBT" />
      <Link ID="123065883" IDType="IRD" AccountType="GMD" />
      <Link ID="123068629" IDType="IRD" AccountType="AIL" />
      <Link ID="123088522" IDType="IRD" AccountType="GST" />
      <Link ID="123088883" IDType="IRD" AccountType="DWT" />
    </ClientList>
  </AgencyLinks>
</IntermediationSummary>