<?xml version="1.0"?>
<Customers xmlns:xsd="http://www.w3.org/2001/XMLSchema" xmlns:xsi="http://www.w3.org/2001/XMLSchema-instance">
  <Customer ID="123041507" IDType="IRD">
    <ClientList ListID="" ListIDType="">
      <Account Type="GST" FilingFrequency="GST2M1" ID="123-041-507-GST002" Commence="2017-10-31" Cease="9999-12-31" Balance="0.00" MaxActivity="1900-01-01T00:00:00">
        <Period CreditForecast="0.00" Credit="0.00" OtherForecast="0.00" Other="0.00" InterestForecast="0.00" Interest="0.00" Tax="0.00" Penalty="0.00" Balance="0.00" End="9999-12-31" Begin="9999-12-31" FilingFrequency="" FilingPeriod="9999-12-31" PenaltyForecast="0.00" Activity="1900-01-01T00:00:00" />
      </Account>
    </ClientList>
  </Customer>
  <Customer ID="123068629" IDType="IRD">
    <ClientList ListID="" ListIDType="">
      <Account Type="AIL" FilingFrequency="AILMO" ID="123-068-629-AIL002" Commence="2017-04-01" Cease="9999-12-31" Balance="0.00" MaxActivity="2017-09-15T08:48:18">
        <Period CreditForecast="0.00" Credit="0.00" OtherForecast="0.00" Other="0.00" InterestForecast="0.00" Interest="0.00" Tax="0.00" Penalty="0.00" Balance="0.00" End="2017-04-30" Begin="2017-04-01" FilingFrequency="AILMO" FilingPeriod="2017-04-30" PenaltyForecast="0.00" Activity="9999-12-31T00:00:00" />
        <Period CreditForecast="0.00" Credit="0.00" OtherForecast="0.00" Other="0.00" InterestForecast="0.00" Interest="0.00" Tax="0.00" Penalty="0.00" Balance="0.00" End="2017-05-31" Begin="2017-05-01" FilingFrequency="AILMO" FilingPeriod="2017-05-31" PenaltyForecast="0.00" Activity="9999-12-31T00:00:00" />
        <Period CreditForecast="0.00" Credit="0.00" OtherForecast="0.00" Other="0.00" InterestForecast="0.00" Interest="0.00" Tax="0.00" Penalty="0.00" Balance="0.00" End="2017-06-30" Begin="2017-06-01" FilingFrequency="AILMO" FilingPeriod="2017-06-30" PenaltyForecast="0.00" Activity="9999-12-31T00:00:00" />
        <Period CreditForecast="0.00" Credit="0.00" OtherForecast="0.00" Other="0.00" InterestForecast="0.00" Interest="0.00" Tax="0.00" Penalty="0.00" Balance="0.00" End="2017-07-31" Begin="2017-07-01" FilingFrequency="AILMO" FilingPeriod="2017-07-31" PenaltyForecast="0.00" Activity="9999-12-31T00:00:00" />
        <Period CreditForecast="0.00" Credit="-200.00" OtherForecast="0.00" Other="0.00" InterestForecast="0.00" Interest="0.00" Tax="200.00" Penalty="0.00" Balance="0.00" End="2017-08-31" Begin="2017-08-01" FilingFrequency="AILMO" FilingPeriod="2017-08-31" PenaltyForecast="0.00" Activity="2017-09-15T08:48:18">
          <Bill BillID="582555648" BillIDForDisplay="1" Due="2017-09-20" Tax="200.00" Penalty="0.00" PenaltyForecast="0.00" Interest="0.00" InterestForecast="0.00" Other="0.00" OtherForecast="0.00" Credit="-200.00" CreditForecast="0.00" Balance="0.00">
            <Tx Amt="200.00" TransID="1821848064" Type="RTNORI" Post="2017-09-14T07:37:01.783" Effect="2017-09-01" LinkID="0" />
          </Bill>
          <Tx Amt="-200.00" TransID="826161152" Type="PYMRTN" Post="2017-09-15T08:48:17.983" Effect="2017-09-13" LinkID="0" />
        </Period>
        <Period CreditForecast="0.00" Credit="0.00" OtherForecast="0.00" Other="0.00" InterestForecast="0.00" Interest="0.00" Tax="0.00" Penalty="0.00" Balance="0.00" End="2017-09-30" Begin="2017-09-01" FilingFrequency="AILMO" FilingPeriod="2017-09-30" PenaltyForecast="0.00" Activity="9999-12-31T00:00:00" />
      </Account>
    </ClientList>
  </Customer>
</Customers>