<?xml version="1.0"?>
<FileTransfers xmlns:xsd="http://www.w3.org/2001/XMLSchema" xmlns:xsi="http://www.w3.org/2001/XMLSchema-instance" TotalTransactionCount="2631" TotalPeriodCount="276">
  <FileTransfer FileName="WEEKLY_PROVIDER_1500011034_0_201711021032228984_NZD.zip" TransactionCount="10" PeriodCount="24">
    <ChildFile FileName="WEEKLY_AGENT_IRD_123105028_0_201711021032229624_NZD.xml" TransactionCount="7" PeriodCount="11" />
    <ChildFile FileName="WEEKLY_AGENT_IRD_123105028_1_201711021032229744_NZD.xml" TransactionCount="3" PeriodCount="13" />
  </FileTransfer>
  <FileTransfer FileName="WEEKLY_PROVIDER_1500011034_1_201711021032229774_NZD.zip" TransactionCount="24" PeriodCount="9">
    <ChildFile FileName="WEEKLY_AGENT_IRD_123105028_1_201711021032230384_NZD.xml" TransactionCount="24" PeriodCount="9" />
  </FileTransfer>
  <FileTransfer FileName="WEEKLY_PROVIDER_1500011034_2_201711021032230434_NZD.zip" TransactionCount="2496" PeriodCount="29">
    <ChildFile FileName="WEEKLY_AGENT_IRD_123105028_2_201711021032235074_NZD.xml" TransactionCount="2496" PeriodCount="29" />
  </FileTransfer>
  <FileTransfer FileName="WEEKLY_PROVIDER_1500011034_3_201711021032235224_NZD.zip" TransactionCount="101" PeriodCount="205">
    <ChildFile FileName="WEEKLY_AGENT_IRD_123105028_3_201711021032235354_NZD.xml" TransactionCount="3" PeriodCount="11" />
    <ChildFile FileName="WEEKLY_AGENT_IRD_123068610_0_201711021032238454_NZD.xml" TransactionCount="98" PeriodCount="194" />
  </FileTransfer>
  <FileTransfer FileName="WEEKLY_PROVIDER_1500011034_4_201711021032238484_NZD.zip" TransactionCount="0" PeriodCount="9">
    <ChildFile FileName="WEEKLY_AGENT_IRD_123068610_1_201711021032238634_NZD.xml" TransactionCount="0" PeriodCount="9" />
    <ChildFile FileName="WEEKLY_PROVIDER_1500011034_4_201711021032238484_NZD_INTERMEDIATION.xml" TransactionCount="0" PeriodCount="0" />
  </FileTransfer>
</FileTransfers>