<?xml version="1.0"?>
<FileTransfers xmlns:xsd="http://www.w3.org/2001/XMLSchema" xmlns:xsi="http://www.w3.org/2001/XMLSchema-instance" TotalTransactionCount="2535" TotalPeriodCount="79">
  <FileTransfer FileName="WEEKLY_PROVIDER_1500011035_0_201711021032203594_NZD.zip" TransactionCount="12" PeriodCount="30">
    <ChildFile FileName="WEEKLY_CUSTOMER_0_201711021032204834_NZD.xml" TransactionCount="2" PeriodCount="6" />
    <ChildFile FileName="WEEKLY_AGENT_IRD_123105028_0_201711021032205044_NZD.xml" TransactionCount="7" PeriodCount="11" />
    <ChildFile FileName="WEEKLY_AGENT_IRD_123105028_1_201711021032205104_NZD.xml" TransactionCount="3" PeriodCount="13" />
  </FileTransfer>
  <FileTransfer FileName="WEEKLY_PROVIDER_1500011035_1_201711021032205574_NZD.zip" TransactionCount="24" PeriodCount="9">
    <ChildFile FileName="WEEKLY_AGENT_IRD_123105028_1_201711021032206044_NZD.xml" TransactionCount="24" PeriodCount="9" />
  </FileTransfer>
  <FileTransfer FileName="WEEKLY_PROVIDER_1500011035_2_201711021032206094_NZD.zip" TransactionCount="2496" PeriodCount="29">
    <ChildFile FileName="WEEKLY_AGENT_IRD_123105028_2_201711021032210324_NZD.xml" TransactionCount="2496" PeriodCount="29" />
  </FileTransfer>
  <FileTransfer FileName="WEEKLY_PROVIDER_1500011035_3_201711021032210484_NZD.zip" TransactionCount="3" PeriodCount="11">
    <ChildFile FileName="WEEKLY_AGENT_IRD_123105028_3_201711021032210584_NZD.xml" TransactionCount="3" PeriodCount="11" />
    <ChildFile FileName="WEEKLY_PROVIDER_1500011035_3_201711021032210484_NZD_INTERMEDIATION.xml" TransactionCount="0" PeriodCount="0" />
  </FileTransfer>
</FileTransfers>