<?xml version="1.0"?>
<Customers xmlns:xsd="http://www.w3.org/2001/XMLSchema" xmlns:xsi="http://www.w3.org/2001/XMLSchema-instance">
  <Customer ID="123068629" IDType="IRD">
    <ClientList ListID="" ListIDType="">
      <Account Type="AIL" FilingFrequency="AILMO" ID="123-068-629-AIL002" Commence="2017-04-01" Cease="9999-12-31" Balance="12.40" MaxActivity="2018-01-30T18:04:59.477">
        <Period CreditForecast="0.00" Credit="-200.00" OtherForecast="0.00" Other="0.00" InterestForecast="0.00" Interest="0.00" Tax="200.00" Penalty="12.40" Balance="12.40" End="2017-08-31" Begin="2017-08-01" FilingFrequency="AILMO" FilingPeriod="2017-08-31" PenaltyForecast="0.00" Activity="2018-01-30T18:04:59.477">
          <Bill BillID="25643008" BillIDForDisplay="2" Due="2018-01-30" Tax="0.00" Penalty="12.40" PenaltyForecast="0.00" Interest="0.00" InterestForecast="0.00" Other="0.00" OtherForecast="0.00" Credit="0.00" CreditForecast="0.00" Balance="12.40">
            <Tx Amt="12.40" TransID="936527872" Type="PNLWSD" Post="2018-01-30T18:04:59.147" Effect="2018-01-30" LinkID="0" />
          </Bill>
        </Period>
      </Account>
    </ClientList>
  </Customer>
</Customers>